filename,label
Image_0.jpg,RED ADMIRAL
Image_1.jpg,CLODIUS PARNASSIAN
Image_10.jpg,CAIRNS BIRDWING
Image_100.jpg,RED SPOTTED PURPLE
Image_1000.jpg,CAIRNS BIRDWING
Image_1001.jpg,MESTRA
Image_1002.jpg,EASTERN PINE ELFIN
Image_1003.jpg,CLEOPATRA
Image_1004.jpg,CAIRNS BIRDWING
Image_1005.jpg,GREAT JAY
Image_1006.jpg,MILBERTS TORTOISESHELL
Image_1007.jpg,RED POSTMAN
Image_1008.jpg,JULIA
Image_1009.jpg,POPINJAY
Image_101.jpg,CLODIUS PARNASSIAN
Image_1010.jpg,COMMON BANDED AWL
Image_1011.jpg,POPINJAY
Image_1012.jpg,BANDED ORANGE HELICONIAN
Image_1013.jpg,GREY HAIRSTREAK
Image_1014.jpg,GOLD BANDED
Image_1015.jpg,GREY HAIRSTREAK
Image_1016.jpg,BANDED PEACOCK
Image_1017.jpg,CHECQUERED SKIPPER
Image_1018.jpg,GREAT EGGFLY
Image_1019.jpg,PURPLE HAIRSTREAK
Image_102.jpg,CLODIUS PARNASSIAN
Image_1020.jpg,CRIMSON PATCH
Image_1021.jpg,PEACOCK
Image_1022.jpg,ORANGE TIP
Image_1023.jpg,MILBERTS TORTOISESHELL
Image_1024.jpg,CAIRNS BIRDWING
Image_1025.jpg,EASTERN PINE ELFIN
Image_1026.jpg,PEACOCK
Image_1027.jpg,RED POSTMAN
Image_1028.jpg,PAPER KITE
Image_1029.jpg,CAIRNS BIRDWING
Image_103.jpg,GREEN CELLED CATTLEHEART
Image_1030.jpg,GREEN CELLED CATTLEHEART
Image_1031.jpg,PURPLISH COPPER
Image_1032.jpg,CHECQUERED SKIPPER
Image_1033.jpg,CHECQUERED SKIPPER
Image_1034.jpg,IPHICLUS SISTER
Image_1035.jpg,BANDED ORANGE HELICONIAN
Image_1036.jpg,GREAT JAY
Image_1037.jpg,CLOUDED SULPHUR
Image_1038.jpg,COMMON BANDED AWL
Image_1039.jpg,IPHICLUS SISTER
Image_104.jpg,CLOUDED SULPHUR
Image_1040.jpg,IPHICLUS SISTER
Image_1041.jpg,VICEROY
Image_1042.jpg,PEACOCK
Image_1043.jpg,GREEN CELLED CATTLEHEART
Image_1044.jpg,CHECQUERED SKIPPER
Image_1045.jpg,GREAT JAY
Image_1046.jpg,LARGE MARBLE
Image_1047.jpg,APPOLLO
Image_1048.jpg,SILVER SPOT SKIPPER
Image_1049.jpg,RED SPOTTED PURPLE
Image_105.jpg,RED CRACKER
Image_1050.jpg,CABBAGE WHITE
Image_1051.jpg,CABBAGE WHITE
Image_1052.jpg,SOOTYWING
Image_1053.jpg,BECKERS WHITE
Image_1054.jpg,PEACOCK
Image_1055.jpg,CLOUDED SULPHUR
Image_1056.jpg,COMMON BANDED AWL
Image_1057.jpg,ULYSES
Image_1058.jpg,RED ADMIRAL
Image_1059.jpg,AN 88
Image_106.jpg,CLEOPATRA
Image_1060.jpg,ELBOWED PIERROT
Image_1061.jpg,SCARCE SWALLOW
Image_1062.jpg,SCARCE SWALLOW
Image_1063.jpg,EASTERN DAPPLE WHITE
Image_1064.jpg,ELBOWED PIERROT
Image_1065.jpg,BROWN SIPROETA
Image_1066.jpg,PAPER KITE
Image_1067.jpg,GREAT EGGFLY
Image_1068.jpg,JULIA
Image_1069.jpg,CHECQUERED SKIPPER
Image_107.jpg,GOLD BANDED
Image_1070.jpg,CHECQUERED SKIPPER
Image_1071.jpg,APPOLLO
Image_1072.jpg,BECKERS WHITE
Image_1073.jpg,CRECENT
Image_1074.jpg,CLODIUS PARNASSIAN
Image_1075.jpg,BECKERS WHITE
Image_1076.jpg,BLACK HAIRSTREAK
Image_1077.jpg,ATALA
Image_1078.jpg,GREEN CELLED CATTLEHEART
Image_1079.jpg,RED SPOTTED PURPLE
Image_108.jpg,ELBOWED PIERROT
Image_1080.jpg,CLOUDED SULPHUR
Image_1081.jpg,VICEROY
Image_1082.jpg,SOOTYWING
Image_1083.jpg,BANDED PEACOCK
Image_1084.jpg,CABBAGE WHITE
Image_1085.jpg,CLOUDED SULPHUR
Image_1086.jpg,SILVER SPOT SKIPPER
Image_1087.jpg,STRAITED QUEEN
Image_1088.jpg,ORANGE TIP
Image_1089.jpg,RED ADMIRAL
Image_109.jpg,CRECENT
Image_1090.jpg,COMMON BANDED AWL
Image_1091.jpg,DANAID EGGFLY
Image_1092.jpg,ZEBRA LONG WING
Image_1093.jpg,GREAT JAY
Image_1094.jpg,GOLD BANDED
Image_1095.jpg,COMMON BANDED AWL
Image_1096.jpg,CLOUDED SULPHUR
Image_1097.jpg,BLUE SPOTTED CROW
Image_1098.jpg,CLODIUS PARNASSIAN
Image_1099.jpg,ADONIS
Image_11.jpg,TWO BARRED FLASHER
Image_110.jpg,BANDED PEACOCK
Image_1100.jpg,SCARCE SWALLOW
Image_1101.jpg,RED CRACKER
Image_1102.jpg,BECKERS WHITE
Image_1103.jpg,GOLD BANDED
Image_1104.jpg,ZEBRA LONG WING
Image_1105.jpg,COMMON BANDED AWL
Image_1106.jpg,CABBAGE WHITE
Image_1107.jpg,CHECQUERED SKIPPER
Image_1108.jpg,ZEBRA LONG WING
Image_1109.jpg,PURPLISH COPPER
Image_111.jpg,IPHICLUS SISTER
Image_1110.jpg,GREEN CELLED CATTLEHEART
Image_1111.jpg,ULYSES
Image_1112.jpg,AMERICAN SNOOT
Image_1113.jpg,COMMON BANDED AWL
Image_1114.jpg,RED ADMIRAL
Image_1115.jpg,CLODIUS PARNASSIAN
Image_1116.jpg,RED CRACKER
Image_1117.jpg,POPINJAY
Image_1118.jpg,RED CRACKER
Image_1119.jpg,SCARCE SWALLOW
Image_112.jpg,MESTRA
Image_1120.jpg,COMMON BANDED AWL
Image_1121.jpg,MOURNING CLOAK
Image_1122.jpg,BLACK HAIRSTREAK
Image_1123.jpg,MANGROVE SKIPPER
Image_1124.jpg,MONARCH
Image_1125.jpg,CAIRNS BIRDWING
Image_1126.jpg,PURPLISH COPPER
Image_1127.jpg,BLACK HAIRSTREAK
Image_1128.jpg,ORANGE OAKLEAF
Image_1129.jpg,COMMON BANDED AWL
Image_113.jpg,COMMON BANDED AWL
Image_1130.jpg,CABBAGE WHITE
Image_1131.jpg,BECKERS WHITE
Image_1132.jpg,APPOLLO
Image_1133.jpg,MANGROVE SKIPPER
Image_1134.jpg,BROWN SIPROETA
Image_1135.jpg,AN 88
Image_1136.jpg,BANDED PEACOCK
Image_1137.jpg,RED ADMIRAL
Image_1138.jpg,CHECQUERED SKIPPER
Image_1139.jpg,VICEROY
Image_114.jpg,SILVER SPOT SKIPPER
Image_1140.jpg,AN 88
Image_1141.jpg,COMMON BANDED AWL
Image_1142.jpg,YELLOW SWALLOW TAIL
Image_1143.jpg,EASTERN DAPPLE WHITE
Image_1144.jpg,VICEROY
Image_1145.jpg,MANGROVE SKIPPER
Image_1146.jpg,SILVER SPOT SKIPPER
Image_1147.jpg,EASTERN PINE ELFIN
Image_1148.jpg,ELBOWED PIERROT
Image_1149.jpg,RED SPOTTED PURPLE
Image_115.jpg,GOLD BANDED
Image_1150.jpg,APPOLLO
Image_1151.jpg,BECKERS WHITE
Image_1152.jpg,CLOUDED SULPHUR
Image_1153.jpg,RED POSTMAN
Image_1154.jpg,APPOLLO
Image_1155.jpg,AMERICAN SNOOT
Image_1156.jpg,ZEBRA LONG WING
Image_1157.jpg,GREEN CELLED CATTLEHEART
Image_1158.jpg,MESTRA
Image_1159.jpg,MOURNING CLOAK
Image_116.jpg,ATALA
Image_1160.jpg,CHECQUERED SKIPPER
Image_1161.jpg,PAPER KITE
Image_1162.jpg,AMERICAN SNOOT
Image_1163.jpg,BROWN SIPROETA
Image_1164.jpg,ORANGE TIP
Image_1165.jpg,BLUE SPOTTED CROW
Image_1166.jpg,GREY HAIRSTREAK
Image_1167.jpg,SCARCE SWALLOW
Image_1168.jpg,EASTERN COMA
Image_1169.jpg,RED SPOTTED PURPLE
Image_117.jpg,PAINTED LADY
Image_1170.jpg,TWO BARRED FLASHER
Image_1171.jpg,ELBOWED PIERROT
Image_1172.jpg,BLACK HAIRSTREAK
Image_1173.jpg,CAIRNS BIRDWING
Image_1174.jpg,ADONIS
Image_1175.jpg,CRIMSON PATCH
Image_1176.jpg,PURPLISH COPPER
Image_1177.jpg,PIPEVINE SWALLOW
Image_1178.jpg,YELLOW SWALLOW TAIL
Image_1179.jpg,MESTRA
Image_118.jpg,RED ADMIRAL
Image_1180.jpg,ZEBRA LONG WING
Image_1181.jpg,BECKERS WHITE
Image_1182.jpg,APPOLLO
Image_1183.jpg,MESTRA
Image_1184.jpg,GREEN CELLED CATTLEHEART
Image_1185.jpg,CLODIUS PARNASSIAN
Image_1186.jpg,POPINJAY
Image_1187.jpg,VICEROY
Image_1188.jpg,RED ADMIRAL
Image_1189.jpg,ZEBRA LONG WING
Image_119.jpg,CAIRNS BIRDWING
Image_1190.jpg,COMMON BANDED AWL
Image_1191.jpg,ORANGE TIP
Image_1192.jpg,MESTRA
Image_1193.jpg,YELLOW SWALLOW TAIL
Image_1194.jpg,COMMON BANDED AWL
Image_1195.jpg,MANGROVE SKIPPER
Image_1196.jpg,WOOD SATYR
Image_1197.jpg,CRECENT
Image_1198.jpg,CLOUDED SULPHUR
Image_1199.jpg,EASTERN DAPPLE WHITE
Image_12.jpg,ELBOWED PIERROT
Image_120.jpg,ZEBRA LONG WING
Image_1200.jpg,MALACHITE
Image_1201.jpg,BANDED PEACOCK
Image_1202.jpg,APPOLLO
Image_1203.jpg,YELLOW SWALLOW TAIL
Image_1204.jpg,ZEBRA LONG WING
Image_1205.jpg,CAIRNS BIRDWING
Image_1206.jpg,PINE WHITE
Image_1207.jpg,AFRICAN GIANT SWALLOWTAIL
Image_1208.jpg,RED CRACKER
Image_1209.jpg,INDRA SWALLOW
Image_121.jpg,ELBOWED PIERROT
Image_1210.jpg,IPHICLUS SISTER
Image_1211.jpg,YELLOW SWALLOW TAIL
Image_1212.jpg,ATALA
Image_1213.jpg,VICEROY
Image_1214.jpg,ELBOWED PIERROT
Image_1215.jpg,PURPLISH COPPER
Image_1216.jpg,YELLOW SWALLOW TAIL
Image_1217.jpg,CABBAGE WHITE
Image_1218.jpg,AFRICAN GIANT SWALLOWTAIL
Image_1219.jpg,AN 88
Image_122.jpg,SOOTYWING
Image_1220.jpg,COMMON BANDED AWL
Image_1221.jpg,EASTERN DAPPLE WHITE
Image_1222.jpg,AN 88
Image_1223.jpg,BANDED ORANGE HELICONIAN
Image_1224.jpg,CRIMSON PATCH
Image_1225.jpg,GREAT JAY
Image_1226.jpg,RED ADMIRAL
Image_1227.jpg,GREEN CELLED CATTLEHEART
Image_1228.jpg,SILVER SPOT SKIPPER
Image_1229.jpg,SCARCE SWALLOW
Image_123.jpg,SOOTYWING
Image_1230.jpg,SCARCE SWALLOW
Image_1231.jpg,CLODIUS PARNASSIAN
Image_1232.jpg,EASTERN COMA
Image_1233.jpg,EASTERN PINE ELFIN
Image_1234.jpg,TWO BARRED FLASHER
Image_1235.jpg,COMMON BANDED AWL
Image_1236.jpg,ZEBRA LONG WING
Image_1237.jpg,CLOUDED SULPHUR
Image_1238.jpg,PEACOCK
Image_1239.jpg,BECKERS WHITE
Image_124.jpg,EASTERN COMA
Image_1240.jpg,WOOD SATYR
Image_1241.jpg,COMMON BANDED AWL
Image_1242.jpg,WOOD SATYR
Image_1243.jpg,SOOTYWING
Image_1244.jpg,ATALA
Image_1245.jpg,ULYSES
Image_1246.jpg,CLOUDED SULPHUR
Image_1247.jpg,CAIRNS BIRDWING
Image_1248.jpg,WOOD SATYR
Image_1249.jpg,SOOTYWING
Image_125.jpg,EASTERN COMA
Image_1250.jpg,ORANGE TIP
Image_1251.jpg,EASTERN DAPPLE WHITE
Image_1252.jpg,PEACOCK
Image_1253.jpg,PINE WHITE
Image_1254.jpg,ZEBRA LONG WING
Image_1255.jpg,PURPLISH COPPER
Image_1256.jpg,APPOLLO
Image_1257.jpg,TWO BARRED FLASHER
Image_1258.jpg,SILVER SPOT SKIPPER
Image_1259.jpg,BROWN SIPROETA
Image_126.jpg,SCARCE SWALLOW
Image_1260.jpg,MANGROVE SKIPPER
Image_1261.jpg,AN 88
Image_1262.jpg,YELLOW SWALLOW TAIL
Image_1263.jpg,MALACHITE
Image_1264.jpg,CLOUDED SULPHUR
Image_1265.jpg,MESTRA
Image_1266.jpg,EASTERN COMA
Image_1267.jpg,MANGROVE SKIPPER
Image_1268.jpg,ORANGE TIP
Image_1269.jpg,COMMON BANDED AWL
Image_127.jpg,CLEOPATRA
Image_1270.jpg,SILVER SPOT SKIPPER
Image_1271.jpg,AFRICAN GIANT SWALLOWTAIL
Image_1272.jpg,ELBOWED PIERROT
Image_1273.jpg,VICEROY
Image_1274.jpg,EASTERN DAPPLE WHITE
Image_1275.jpg,AFRICAN GIANT SWALLOWTAIL
Image_1276.jpg,PEACOCK
Image_1277.jpg,COMMON BANDED AWL
Image_1278.jpg,PURPLE HAIRSTREAK
Image_1279.jpg,CLOUDED SULPHUR
Image_128.jpg,COMMON BANDED AWL
Image_1280.jpg,GREEN CELLED CATTLEHEART
Image_1281.jpg,AFRICAN GIANT SWALLOWTAIL
Image_1282.jpg,MOURNING CLOAK
Image_1283.jpg,TWO BARRED FLASHER
Image_1284.jpg,CRECENT
Image_1285.jpg,PAINTED LADY
Image_1286.jpg,CHECQUERED SKIPPER
Image_1287.jpg,TWO BARRED FLASHER
Image_1288.jpg,CABBAGE WHITE
Image_1289.jpg,CAIRNS BIRDWING
Image_129.jpg,CABBAGE WHITE
Image_1290.jpg,ORANGE TIP
Image_1291.jpg,EASTERN PINE ELFIN
Image_1292.jpg,SCARCE SWALLOW
Image_1293.jpg,SCARCE SWALLOW
Image_1294.jpg,CAIRNS BIRDWING
Image_1295.jpg,YELLOW SWALLOW TAIL
Image_1296.jpg,CHESTNUT
Image_1297.jpg,MESTRA
Image_1298.jpg,GREY HAIRSTREAK
Image_1299.jpg,SOOTYWING
Image_13.jpg,EASTERN COMA
Image_130.jpg,AN 88
Image_131.jpg,CHECQUERED SKIPPER
Image_132.jpg,GREY HAIRSTREAK
Image_133.jpg,APPOLLO
Image_134.jpg,CLOUDED SULPHUR
Image_135.jpg,GREEN CELLED CATTLEHEART
Image_136.jpg,EASTERN DAPPLE WHITE
Image_137.jpg,CLODIUS PARNASSIAN
Image_138.jpg,SCARCE SWALLOW
Image_139.jpg,RED CRACKER
Image_14.jpg,COMMON WOOD-NYMPH
Image_140.jpg,CHECQUERED SKIPPER
Image_141.jpg,CLOUDED SULPHUR
Image_142.jpg,CRIMSON PATCH
Image_143.jpg,AMERICAN SNOOT
Image_144.jpg,BECKERS WHITE
Image_145.jpg,COMMON BANDED AWL
Image_146.jpg,VICEROY
Image_147.jpg,CAIRNS BIRDWING
Image_148.jpg,EASTERN DAPPLE WHITE
Image_149.jpg,RED CRACKER
Image_15.jpg,PAINTED LADY
Image_150.jpg,BLACK HAIRSTREAK
Image_151.jpg,GOLD BANDED
Image_152.jpg,PAPER KITE
Image_153.jpg,GREY HAIRSTREAK
Image_154.jpg,ULYSES
Image_155.jpg,CLODIUS PARNASSIAN
Image_156.jpg,IPHICLUS SISTER
Image_157.jpg,METALMARK
Image_158.jpg,ULYSES
Image_159.jpg,PAINTED LADY
Image_16.jpg,EASTERN PINE ELFIN
Image_160.jpg,GREEN CELLED CATTLEHEART
Image_161.jpg,METALMARK
Image_162.jpg,DANAID EGGFLY
Image_163.jpg,PEACOCK
Image_164.jpg,ELBOWED PIERROT
Image_165.jpg,AN 88
Image_166.jpg,MALACHITE
Image_167.jpg,TWO BARRED FLASHER
Image_168.jpg,YELLOW SWALLOW TAIL
Image_169.jpg,WOOD SATYR
Image_17.jpg,GOLD BANDED
Image_170.jpg,COMMON BANDED AWL
Image_171.jpg,BROWN SIPROETA
Image_172.jpg,EASTERN DAPPLE WHITE
Image_173.jpg,APPOLLO
Image_174.jpg,RED ADMIRAL
Image_175.jpg,POPINJAY
Image_176.jpg,LARGE MARBLE
Image_177.jpg,BLACK HAIRSTREAK
Image_178.jpg,BECKERS WHITE
Image_179.jpg,YELLOW SWALLOW TAIL
Image_18.jpg,ZEBRA LONG WING
Image_180.jpg,IPHICLUS SISTER
Image_181.jpg,GREAT JAY
Image_182.jpg,ZEBRA LONG WING
Image_183.jpg,CHECQUERED SKIPPER
Image_184.jpg,PIPEVINE SWALLOW
Image_185.jpg,MALACHITE
Image_186.jpg,AMERICAN SNOOT
Image_187.jpg,BLACK HAIRSTREAK
Image_188.jpg,PAPER KITE
Image_189.jpg,BECKERS WHITE
Image_19.jpg,SOOTYWING
Image_190.jpg,COMMON BANDED AWL
Image_191.jpg,GREAT JAY
Image_192.jpg,RED SPOTTED PURPLE
Image_193.jpg,VICEROY
Image_194.jpg,EASTERN COMA
Image_195.jpg,PAINTED LADY
Image_196.jpg,ORANGE OAKLEAF
Image_197.jpg,COMMON WOOD-NYMPH
Image_198.jpg,BROWN SIPROETA
Image_199.jpg,SOUTHERN DOGFACE
Image_2.jpg,ZEBRA LONG WING
Image_20.jpg,ELBOWED PIERROT
Image_200.jpg,ORANGE TIP
Image_201.jpg,TWO BARRED FLASHER
Image_202.jpg,MANGROVE SKIPPER
Image_203.jpg,GREY HAIRSTREAK
Image_204.jpg,ULYSES
Image_205.jpg,COMMON BANDED AWL
Image_206.jpg,BANDED PEACOCK
Image_207.jpg,PAINTED LADY
Image_208.jpg,PINE WHITE
Image_209.jpg,CABBAGE WHITE
Image_21.jpg,AFRICAN GIANT SWALLOWTAIL
Image_210.jpg,ULYSES
Image_211.jpg,SILVER SPOT SKIPPER
Image_212.jpg,PURPLISH COPPER
Image_213.jpg,EASTERN COMA
Image_214.jpg,PIPEVINE SWALLOW
Image_215.jpg,BLUE SPOTTED CROW
Image_216.jpg,RED ADMIRAL
Image_217.jpg,BANDED PEACOCK
Image_218.jpg,WOOD SATYR
Image_219.jpg,IPHICLUS SISTER
Image_22.jpg,POPINJAY
Image_220.jpg,RED ADMIRAL
Image_221.jpg,WOOD SATYR
Image_222.jpg,SILVER SPOT SKIPPER
Image_223.jpg,AMERICAN SNOOT
Image_224.jpg,CABBAGE WHITE
Image_225.jpg,MESTRA
Image_226.jpg,BECKERS WHITE
Image_227.jpg,CAIRNS BIRDWING
Image_228.jpg,TWO BARRED FLASHER
Image_229.jpg,PAPER KITE
Image_23.jpg,RED CRACKER
Image_230.jpg,CLODIUS PARNASSIAN
Image_231.jpg,GREEN CELLED CATTLEHEART
Image_232.jpg,GOLD BANDED
Image_233.jpg,CLOUDED SULPHUR
Image_234.jpg,EASTERN DAPPLE WHITE
Image_235.jpg,CHECQUERED SKIPPER
Image_236.jpg,CAIRNS BIRDWING
Image_237.jpg,CLOUDED SULPHUR
Image_238.jpg,CAIRNS BIRDWING
Image_239.jpg,BLUE SPOTTED CROW
Image_24.jpg,BLACK HAIRSTREAK
Image_240.jpg,COMMON BANDED AWL
Image_241.jpg,SILVER SPOT SKIPPER
Image_242.jpg,TWO BARRED FLASHER
Image_243.jpg,EASTERN PINE ELFIN
Image_244.jpg,SCARCE SWALLOW
Image_245.jpg,CRIMSON PATCH
Image_246.jpg,GREEN CELLED CATTLEHEART
Image_247.jpg,CABBAGE WHITE
Image_248.jpg,STRAITED QUEEN
Image_249.jpg,COMMON BANDED AWL
Image_25.jpg,CABBAGE WHITE
Image_250.jpg,RED SPOTTED PURPLE
Image_251.jpg,CLODIUS PARNASSIAN
Image_252.jpg,CABBAGE WHITE
Image_253.jpg,ATALA
Image_254.jpg,APPOLLO
Image_255.jpg,TWO BARRED FLASHER
Image_256.jpg,CLODIUS PARNASSIAN
Image_257.jpg,POPINJAY
Image_258.jpg,BECKERS WHITE
Image_259.jpg,CABBAGE WHITE
Image_26.jpg,ZEBRA LONG WING
Image_260.jpg,BECKERS WHITE
Image_261.jpg,CLOUDED SULPHUR
Image_262.jpg,COMMON BANDED AWL
Image_263.jpg,ORANGE TIP
Image_264.jpg,CAIRNS BIRDWING
Image_265.jpg,ULYSES
Image_266.jpg,AMERICAN SNOOT
Image_267.jpg,BLUE SPOTTED CROW
Image_268.jpg,EASTERN DAPPLE WHITE
Image_269.jpg,COPPER TAIL
Image_27.jpg,PEACOCK
Image_270.jpg,EASTERN PINE ELFIN
Image_271.jpg,GOLD BANDED
Image_272.jpg,MILBERTS TORTOISESHELL
Image_273.jpg,BECKERS WHITE
Image_274.jpg,CLOUDED SULPHUR
Image_275.jpg,IPHICLUS SISTER
Image_276.jpg,PAINTED LADY
Image_277.jpg,BLACK HAIRSTREAK
Image_278.jpg,BECKERS WHITE
Image_279.jpg,IPHICLUS SISTER
Image_28.jpg,RED SPOTTED PURPLE
Image_280.jpg,MESTRA
Image_281.jpg,BLACK HAIRSTREAK
Image_282.jpg,PIPEVINE SWALLOW
Image_283.jpg,CRIMSON PATCH
Image_284.jpg,MALACHITE
Image_285.jpg,COMMON BANDED AWL
Image_286.jpg,PURPLE HAIRSTREAK
Image_287.jpg,COMMON WOOD-NYMPH
Image_288.jpg,MOURNING CLOAK
Image_289.jpg,MANGROVE SKIPPER
Image_29.jpg,PURPLISH COPPER
Image_290.jpg,DANAID EGGFLY
Image_291.jpg,IPHICLUS SISTER
Image_292.jpg,SCARCE SWALLOW
Image_293.jpg,CLEOPATRA
Image_294.jpg,BECKERS WHITE
Image_295.jpg,ORCHARD SWALLOW
Image_296.jpg,CLOUDED SULPHUR
Image_297.jpg,BECKERS WHITE
Image_298.jpg,CAIRNS BIRDWING
Image_299.jpg,CLOUDED SULPHUR
Image_3.jpg,COMMON BANDED AWL
Image_30.jpg,TWO BARRED FLASHER
Image_300.jpg,PEACOCK
Image_301.jpg,SCARCE SWALLOW
Image_302.jpg,GREAT JAY
Image_303.jpg,CLOUDED SULPHUR
Image_304.jpg,COMMON BANDED AWL
Image_305.jpg,BLACK HAIRSTREAK
Image_306.jpg,GREEN CELLED CATTLEHEART
Image_307.jpg,MOURNING CLOAK
Image_308.jpg,SOOTYWING
Image_309.jpg,CAIRNS BIRDWING
Image_31.jpg,MANGROVE SKIPPER
Image_310.jpg,EASTERN DAPPLE WHITE
Image_311.jpg,ADONIS
Image_312.jpg,VICEROY
Image_313.jpg,RED POSTMAN
Image_314.jpg,ULYSES
Image_315.jpg,BANDED PEACOCK
Image_316.jpg,TWO BARRED FLASHER
Image_317.jpg,AMERICAN SNOOT
Image_318.jpg,GREY HAIRSTREAK
Image_319.jpg,CHECQUERED SKIPPER
Image_32.jpg,GREEN CELLED CATTLEHEART
Image_320.jpg,ORANGE TIP
Image_321.jpg,BECKERS WHITE
Image_322.jpg,CLOUDED SULPHUR
Image_323.jpg,IPHICLUS SISTER
Image_324.jpg,PURPLISH COPPER
Image_325.jpg,RED ADMIRAL
Image_326.jpg,SCARCE SWALLOW
Image_327.jpg,CLOUDED SULPHUR
Image_328.jpg,ATALA
Image_329.jpg,JULIA
Image_33.jpg,WOOD SATYR
Image_330.jpg,RED ADMIRAL
Image_331.jpg,PEACOCK
Image_332.jpg,ORANGE TIP
Image_333.jpg,IPHICLUS SISTER
Image_334.jpg,EASTERN DAPPLE WHITE
Image_335.jpg,ADONIS
Image_336.jpg,RED SPOTTED PURPLE
Image_337.jpg,MOURNING CLOAK
Image_338.jpg,CLEOPATRA
Image_339.jpg,MOURNING CLOAK
Image_34.jpg,PAPER KITE
Image_340.jpg,AFRICAN GIANT SWALLOWTAIL
Image_341.jpg,CHECQUERED SKIPPER
Image_342.jpg,CLOUDED SULPHUR
Image_343.jpg,ZEBRA LONG WING
Image_344.jpg,CABBAGE WHITE
Image_345.jpg,RED SPOTTED PURPLE
Image_346.jpg,BECKERS WHITE
Image_347.jpg,ELBOWED PIERROT
Image_348.jpg,CABBAGE WHITE
Image_349.jpg,CLOUDED SULPHUR
Image_35.jpg,PURPLISH COPPER
Image_350.jpg,YELLOW SWALLOW TAIL
Image_351.jpg,RED SPOTTED PURPLE
Image_352.jpg,CABBAGE WHITE
Image_353.jpg,PURPLISH COPPER
Image_354.jpg,CLOUDED SULPHUR
Image_355.jpg,SCARCE SWALLOW
Image_356.jpg,RED ADMIRAL
Image_357.jpg,AMERICAN SNOOT
Image_358.jpg,CABBAGE WHITE
Image_359.jpg,BECKERS WHITE
Image_36.jpg,CAIRNS BIRDWING
Image_360.jpg,SCARCE SWALLOW
Image_361.jpg,ZEBRA LONG WING
Image_362.jpg,VICEROY
Image_363.jpg,ULYSES
Image_364.jpg,POPINJAY
Image_365.jpg,MESTRA
Image_366.jpg,PIPEVINE SWALLOW
Image_367.jpg,ZEBRA LONG WING
Image_368.jpg,CHECQUERED SKIPPER
Image_369.jpg,EASTERN COMA
Image_37.jpg,CLOUDED SULPHUR
Image_370.jpg,SOOTYWING
Image_371.jpg,TWO BARRED FLASHER
Image_372.jpg,RED POSTMAN
Image_373.jpg,MESTRA
Image_374.jpg,GOLD BANDED
Image_375.jpg,GREAT EGGFLY
Image_376.jpg,ZEBRA LONG WING
Image_377.jpg,PURPLE HAIRSTREAK
Image_378.jpg,EASTERN COMA
Image_379.jpg,VICEROY
Image_38.jpg,CLOUDED SULPHUR
Image_380.jpg,APPOLLO
Image_381.jpg,STRAITED QUEEN
Image_382.jpg,GREY HAIRSTREAK
Image_383.jpg,MANGROVE SKIPPER
Image_384.jpg,MESTRA
Image_385.jpg,CHECQUERED SKIPPER
Image_386.jpg,MESTRA
Image_387.jpg,ZEBRA LONG WING
Image_388.jpg,CLEOPATRA
Image_389.jpg,ATALA
Image_39.jpg,BANDED PEACOCK
Image_390.jpg,ELBOWED PIERROT
Image_391.jpg,IPHICLUS SISTER
Image_392.jpg,CLEOPATRA
Image_393.jpg,EASTERN PINE ELFIN
Image_394.jpg,WOOD SATYR
Image_395.jpg,COMMON BANDED AWL
Image_396.jpg,PAPER KITE
Image_397.jpg,CRIMSON PATCH
Image_398.jpg,CAIRNS BIRDWING
Image_399.jpg,CHESTNUT
Image_4.jpg,SCARCE SWALLOW
Image_40.jpg,CRIMSON PATCH
Image_400.jpg,TWO BARRED FLASHER
Image_401.jpg,CRIMSON PATCH
Image_402.jpg,RED CRACKER
Image_403.jpg,AMERICAN SNOOT
Image_404.jpg,GREAT JAY
Image_405.jpg,SILVER SPOT SKIPPER
Image_406.jpg,YELLOW SWALLOW TAIL
Image_407.jpg,PEACOCK
Image_408.jpg,GOLD BANDED
Image_409.jpg,CAIRNS BIRDWING
Image_41.jpg,CLODIUS PARNASSIAN
Image_410.jpg,JULIA
Image_411.jpg,SILVER SPOT SKIPPER
Image_412.jpg,STRAITED QUEEN
Image_413.jpg,AMERICAN SNOOT
Image_414.jpg,ATALA
Image_415.jpg,CAIRNS BIRDWING
Image_416.jpg,EASTERN PINE ELFIN
Image_417.jpg,EASTERN DAPPLE WHITE
Image_418.jpg,ELBOWED PIERROT
Image_419.jpg,SCARCE SWALLOW
Image_42.jpg,CHESTNUT
Image_420.jpg,RED ADMIRAL
Image_421.jpg,JULIA
Image_422.jpg,MOURNING CLOAK
Image_423.jpg,CHECQUERED SKIPPER
Image_424.jpg,GREAT JAY
Image_425.jpg,GREEN CELLED CATTLEHEART
Image_426.jpg,ADONIS
Image_427.jpg,GREY HAIRSTREAK
Image_428.jpg,ULYSES
Image_429.jpg,EASTERN DAPPLE WHITE
Image_43.jpg,JULIA
Image_430.jpg,MOURNING CLOAK
Image_431.jpg,GREY HAIRSTREAK
Image_432.jpg,VICEROY
Image_433.jpg,COMMON BANDED AWL
Image_434.jpg,IPHICLUS SISTER
Image_435.jpg,ADONIS
Image_436.jpg,ELBOWED PIERROT
Image_437.jpg,PAPER KITE
Image_438.jpg,BLUE SPOTTED CROW
Image_439.jpg,ZEBRA LONG WING
Image_44.jpg,MALACHITE
Image_440.jpg,GREAT JAY
Image_441.jpg,SOOTYWING
Image_442.jpg,BECKERS WHITE
Image_443.jpg,PURPLISH COPPER
Image_444.jpg,GOLD BANDED
Image_445.jpg,BECKERS WHITE
Image_446.jpg,ELBOWED PIERROT
Image_447.jpg,IPHICLUS SISTER
Image_448.jpg,ZEBRA LONG WING
Image_449.jpg,COMMON BANDED AWL
Image_45.jpg,PIPEVINE SWALLOW
Image_450.jpg,JULIA
Image_451.jpg,AFRICAN GIANT SWALLOWTAIL
Image_452.jpg,STRAITED QUEEN
Image_453.jpg,CABBAGE WHITE
Image_454.jpg,ORANGE OAKLEAF
Image_455.jpg,PURPLISH COPPER
Image_456.jpg,PAPER KITE
Image_457.jpg,ZEBRA LONG WING
Image_458.jpg,EASTERN DAPPLE WHITE
Image_459.jpg,CLODIUS PARNASSIAN
Image_46.jpg,SILVER SPOT SKIPPER
Image_460.jpg,MANGROVE SKIPPER
Image_461.jpg,BECKERS WHITE
Image_462.jpg,ZEBRA LONG WING
Image_463.jpg,CAIRNS BIRDWING
Image_464.jpg,EASTERN PINE ELFIN
Image_465.jpg,TWO BARRED FLASHER
Image_466.jpg,YELLOW SWALLOW TAIL
Image_467.jpg,SCARCE SWALLOW
Image_468.jpg,RED SPOTTED PURPLE
Image_469.jpg,RED ADMIRAL
Image_47.jpg,RED ADMIRAL
Image_470.jpg,MALACHITE
Image_471.jpg,RED ADMIRAL
Image_472.jpg,EASTERN DAPPLE WHITE
Image_473.jpg,ELBOWED PIERROT
Image_474.jpg,ADONIS
Image_475.jpg,GREAT JAY
Image_476.jpg,EASTERN DAPPLE WHITE
Image_477.jpg,MANGROVE SKIPPER
Image_478.jpg,RED ADMIRAL
Image_479.jpg,MANGROVE SKIPPER
Image_48.jpg,CHECQUERED SKIPPER
Image_480.jpg,CAIRNS BIRDWING
Image_481.jpg,EASTERN PINE ELFIN
Image_482.jpg,CRIMSON PATCH
Image_483.jpg,GOLD BANDED
Image_484.jpg,CLODIUS PARNASSIAN
Image_485.jpg,CRECENT
Image_486.jpg,EASTERN PINE ELFIN
Image_487.jpg,ZEBRA LONG WING
Image_488.jpg,ULYSES
Image_489.jpg,PURPLISH COPPER
Image_49.jpg,SILVER SPOT SKIPPER
Image_490.jpg,APPOLLO
Image_491.jpg,SILVER SPOT SKIPPER
Image_492.jpg,MILBERTS TORTOISESHELL
Image_493.jpg,MONARCH
Image_494.jpg,ORANGE TIP
Image_495.jpg,COMMON BANDED AWL
Image_496.jpg,ADONIS
Image_497.jpg,BANDED PEACOCK
Image_498.jpg,APPOLLO
Image_499.jpg,JULIA
Image_5.jpg,BROWN SIPROETA
Image_50.jpg,PAINTED LADY
Image_500.jpg,CLODIUS PARNASSIAN
Image_501.jpg,RED ADMIRAL
Image_502.jpg,ATALA
Image_503.jpg,GREY HAIRSTREAK
Image_504.jpg,SILVER SPOT SKIPPER
Image_505.jpg,SOUTHERN DOGFACE
Image_506.jpg,PURPLE HAIRSTREAK
Image_507.jpg,COPPER TAIL
Image_508.jpg,COMMON WOOD-NYMPH
Image_509.jpg,CLODIUS PARNASSIAN
Image_51.jpg,ATALA
Image_510.jpg,GREAT JAY
Image_511.jpg,YELLOW SWALLOW TAIL
Image_512.jpg,SOOTYWING
Image_513.jpg,GREAT JAY
Image_514.jpg,PAINTED LADY
Image_515.jpg,CRECENT
Image_516.jpg,ULYSES
Image_517.jpg,BROWN SIPROETA
Image_518.jpg,RED ADMIRAL
Image_519.jpg,CLODIUS PARNASSIAN
Image_52.jpg,ADONIS
Image_520.jpg,IPHICLUS SISTER
Image_521.jpg,ELBOWED PIERROT
Image_522.jpg,AN 88
Image_523.jpg,DANAID EGGFLY
Image_524.jpg,MANGROVE SKIPPER
Image_525.jpg,MALACHITE
Image_526.jpg,TWO BARRED FLASHER
Image_527.jpg,IPHICLUS SISTER
Image_528.jpg,IPHICLUS SISTER
Image_529.jpg,WOOD SATYR
Image_53.jpg,BANDED PEACOCK
Image_530.jpg,EASTERN DAPPLE WHITE
Image_531.jpg,CLOUDED SULPHUR
Image_532.jpg,EASTERN DAPPLE WHITE
Image_533.jpg,CLOUDED SULPHUR
Image_534.jpg,CHECQUERED SKIPPER
Image_535.jpg,ULYSES
Image_536.jpg,ZEBRA LONG WING
Image_537.jpg,RED POSTMAN
Image_538.jpg,MANGROVE SKIPPER
Image_539.jpg,SCARCE SWALLOW
Image_54.jpg,VICEROY
Image_540.jpg,CABBAGE WHITE
Image_541.jpg,GOLD BANDED
Image_542.jpg,ULYSES
Image_543.jpg,ORANGE OAKLEAF
Image_544.jpg,COMMON BANDED AWL
Image_545.jpg,BLACK HAIRSTREAK
Image_546.jpg,AFRICAN GIANT SWALLOWTAIL
Image_547.jpg,ORANGE TIP
Image_548.jpg,PURPLE HAIRSTREAK
Image_549.jpg,ADONIS
Image_55.jpg,CAIRNS BIRDWING
Image_550.jpg,IPHICLUS SISTER
Image_551.jpg,MANGROVE SKIPPER
Image_552.jpg,CRECENT
Image_553.jpg,ORANGE TIP
Image_554.jpg,RED SPOTTED PURPLE
Image_555.jpg,GOLD BANDED
Image_556.jpg,PAPER KITE
Image_557.jpg,GREAT JAY
Image_558.jpg,GOLD BANDED
Image_559.jpg,PURPLISH COPPER
Image_56.jpg,BECKERS WHITE
Image_560.jpg,AFRICAN GIANT SWALLOWTAIL
Image_561.jpg,COMMON BANDED AWL
Image_562.jpg,PEACOCK
Image_563.jpg,BECKERS WHITE
Image_564.jpg,ULYSES
Image_565.jpg,STRAITED QUEEN
Image_566.jpg,PURPLISH COPPER
Image_567.jpg,CRIMSON PATCH
Image_568.jpg,AFRICAN GIANT SWALLOWTAIL
Image_569.jpg,EASTERN DAPPLE WHITE
Image_57.jpg,BLACK HAIRSTREAK
Image_570.jpg,ZEBRA LONG WING
Image_571.jpg,BANDED ORANGE HELICONIAN
Image_572.jpg,RED CRACKER
Image_573.jpg,GOLD BANDED
Image_574.jpg,COMMON BANDED AWL
Image_575.jpg,ZEBRA LONG WING
Image_576.jpg,CLEOPATRA
Image_577.jpg,GREY HAIRSTREAK
Image_578.jpg,CABBAGE WHITE
Image_579.jpg,RED CRACKER
Image_58.jpg,SILVER SPOT SKIPPER
Image_580.jpg,PIPEVINE SWALLOW
Image_581.jpg,SCARCE SWALLOW
Image_582.jpg,CAIRNS BIRDWING
Image_583.jpg,CHECQUERED SKIPPER
Image_584.jpg,WOOD SATYR
Image_585.jpg,CLOUDED SULPHUR
Image_586.jpg,GREY HAIRSTREAK
Image_587.jpg,SOOTYWING
Image_588.jpg,AFRICAN GIANT SWALLOWTAIL
Image_589.jpg,CLOUDED SULPHUR
Image_59.jpg,RED CRACKER
Image_590.jpg,DANAID EGGFLY
Image_591.jpg,RED SPOTTED PURPLE
Image_592.jpg,GREY HAIRSTREAK
Image_593.jpg,CAIRNS BIRDWING
Image_594.jpg,ZEBRA LONG WING
Image_595.jpg,METALMARK
Image_596.jpg,IPHICLUS SISTER
Image_597.jpg,CHECQUERED SKIPPER
Image_598.jpg,BANDED PEACOCK
Image_599.jpg,WOOD SATYR
Image_6.jpg,CLODIUS PARNASSIAN
Image_60.jpg,MOURNING CLOAK
Image_600.jpg,MALACHITE
Image_601.jpg,POPINJAY
Image_602.jpg,RED ADMIRAL
Image_603.jpg,CLEOPATRA
Image_604.jpg,SCARCE SWALLOW
Image_605.jpg,PINE WHITE
Image_606.jpg,SCARCE SWALLOW
Image_607.jpg,ULYSES
Image_608.jpg,BECKERS WHITE
Image_609.jpg,POPINJAY
Image_61.jpg,ADONIS
Image_610.jpg,APPOLLO
Image_611.jpg,GREEN CELLED CATTLEHEART
Image_612.jpg,CLODIUS PARNASSIAN
Image_613.jpg,IPHICLUS SISTER
Image_614.jpg,GOLD BANDED
Image_615.jpg,ADONIS
Image_616.jpg,ADONIS
Image_617.jpg,ZEBRA LONG WING
Image_618.jpg,ZEBRA LONG WING
Image_619.jpg,RED POSTMAN
Image_62.jpg,MOURNING CLOAK
Image_620.jpg,ORANGE OAKLEAF
Image_621.jpg,DANAID EGGFLY
Image_622.jpg,AFRICAN GIANT SWALLOWTAIL
Image_623.jpg,BECKERS WHITE
Image_624.jpg,PIPEVINE SWALLOW
Image_625.jpg,COMMON BANDED AWL
Image_626.jpg,RED ADMIRAL
Image_627.jpg,CHECQUERED SKIPPER
Image_628.jpg,ORANGE TIP
Image_629.jpg,ELBOWED PIERROT
Image_63.jpg,ULYSES
Image_630.jpg,CAIRNS BIRDWING
Image_631.jpg,TWO BARRED FLASHER
Image_632.jpg,CAIRNS BIRDWING
Image_633.jpg,SCARCE SWALLOW
Image_634.jpg,COMMON BANDED AWL
Image_635.jpg,BECKERS WHITE
Image_636.jpg,ORANGE TIP
Image_637.jpg,SCARCE SWALLOW
Image_638.jpg,ORANGE TIP
Image_639.jpg,BROWN SIPROETA
Image_64.jpg,JULIA
Image_640.jpg,EASTERN PINE ELFIN
Image_641.jpg,PEACOCK
Image_642.jpg,PAPER KITE
Image_643.jpg,PAPER KITE
Image_644.jpg,BECKERS WHITE
Image_645.jpg,CAIRNS BIRDWING
Image_646.jpg,YELLOW SWALLOW TAIL
Image_647.jpg,CLOUDED SULPHUR
Image_648.jpg,RED SPOTTED PURPLE
Image_649.jpg,CAIRNS BIRDWING
Image_65.jpg,PURPLISH COPPER
Image_650.jpg,YELLOW SWALLOW TAIL
Image_651.jpg,SOOTYWING
Image_652.jpg,SCARCE SWALLOW
Image_653.jpg,ORANGE OAKLEAF
Image_654.jpg,MALACHITE
Image_655.jpg,BANDED PEACOCK
Image_656.jpg,POPINJAY
Image_657.jpg,CRIMSON PATCH
Image_658.jpg,BECKERS WHITE
Image_659.jpg,CLEOPATRA
Image_66.jpg,ZEBRA LONG WING
Image_660.jpg,RED CRACKER
Image_661.jpg,APPOLLO
Image_662.jpg,ULYSES
Image_663.jpg,INDRA SWALLOW
Image_664.jpg,CAIRNS BIRDWING
Image_665.jpg,AN 88
Image_666.jpg,BANDED PEACOCK
Image_667.jpg,GREEN CELLED CATTLEHEART
Image_668.jpg,CLODIUS PARNASSIAN
Image_669.jpg,AFRICAN GIANT SWALLOWTAIL
Image_67.jpg,GREY HAIRSTREAK
Image_670.jpg,BANDED PEACOCK
Image_671.jpg,CLOUDED SULPHUR
Image_672.jpg,MANGROVE SKIPPER
Image_673.jpg,COMMON BANDED AWL
Image_674.jpg,CABBAGE WHITE
Image_675.jpg,RED ADMIRAL
Image_676.jpg,ORCHARD SWALLOW
Image_677.jpg,JULIA
Image_678.jpg,BECKERS WHITE
Image_679.jpg,WOOD SATYR
Image_68.jpg,BLACK HAIRSTREAK
Image_680.jpg,AMERICAN SNOOT
Image_681.jpg,SILVER SPOT SKIPPER
Image_682.jpg,CHESTNUT
Image_683.jpg,YELLOW SWALLOW TAIL
Image_684.jpg,PURPLISH COPPER
Image_685.jpg,GREY HAIRSTREAK
Image_686.jpg,COPPER TAIL
Image_687.jpg,AMERICAN SNOOT
Image_688.jpg,MANGROVE SKIPPER
Image_689.jpg,CABBAGE WHITE
Image_69.jpg,ZEBRA LONG WING
Image_690.jpg,COMMON BANDED AWL
Image_691.jpg,GREAT JAY
Image_692.jpg,CHECQUERED SKIPPER
Image_693.jpg,WOOD SATYR
Image_694.jpg,EASTERN DAPPLE WHITE
Image_695.jpg,GREY HAIRSTREAK
Image_696.jpg,ATALA
Image_697.jpg,ELBOWED PIERROT
Image_698.jpg,AFRICAN GIANT SWALLOWTAIL
Image_699.jpg,PAINTED LADY
Image_7.jpg,GOLD BANDED
Image_70.jpg,CRIMSON PATCH
Image_700.jpg,CABBAGE WHITE
Image_701.jpg,GREY HAIRSTREAK
Image_702.jpg,BROWN SIPROETA
Image_703.jpg,DANAID EGGFLY
Image_704.jpg,IPHICLUS SISTER
Image_705.jpg,DANAID EGGFLY
Image_706.jpg,GOLD BANDED
Image_707.jpg,RED CRACKER
Image_708.jpg,SCARCE SWALLOW
Image_709.jpg,ADONIS
Image_71.jpg,MILBERTS TORTOISESHELL
Image_710.jpg,CHESTNUT
Image_711.jpg,IPHICLUS SISTER
Image_712.jpg,CRECENT
Image_713.jpg,BROWN SIPROETA
Image_714.jpg,ELBOWED PIERROT
Image_715.jpg,CLOUDED SULPHUR
Image_716.jpg,ULYSES
Image_717.jpg,ELBOWED PIERROT
Image_718.jpg,GREY HAIRSTREAK
Image_719.jpg,BECKERS WHITE
Image_72.jpg,SILVER SPOT SKIPPER
Image_720.jpg,COMMON BANDED AWL
Image_721.jpg,PAINTED LADY
Image_722.jpg,JULIA
Image_723.jpg,ELBOWED PIERROT
Image_724.jpg,ULYSES
Image_725.jpg,JULIA
Image_726.jpg,GREAT JAY
Image_727.jpg,YELLOW SWALLOW TAIL
Image_728.jpg,AMERICAN SNOOT
Image_729.jpg,METALMARK
Image_73.jpg,MOURNING CLOAK
Image_730.jpg,SILVER SPOT SKIPPER
Image_731.jpg,BLUE SPOTTED CROW
Image_732.jpg,EASTERN DAPPLE WHITE
Image_733.jpg,GREEN CELLED CATTLEHEART
Image_734.jpg,VICEROY
Image_735.jpg,PAPER KITE
Image_736.jpg,COMMON WOOD-NYMPH
Image_737.jpg,PURPLE HAIRSTREAK
Image_738.jpg,ULYSES
Image_739.jpg,GREEN CELLED CATTLEHEART
Image_74.jpg,BANDED PEACOCK
Image_740.jpg,ZEBRA LONG WING
Image_741.jpg,APPOLLO
Image_742.jpg,AN 88
Image_743.jpg,EASTERN DAPPLE WHITE
Image_744.jpg,CHECQUERED SKIPPER
Image_745.jpg,PURPLISH COPPER
Image_746.jpg,MOURNING CLOAK
Image_747.jpg,MOURNING CLOAK
Image_748.jpg,ZEBRA LONG WING
Image_749.jpg,GREEN CELLED CATTLEHEART
Image_75.jpg,PEACOCK
Image_750.jpg,CABBAGE WHITE
Image_751.jpg,CLODIUS PARNASSIAN
Image_752.jpg,COMMON BANDED AWL
Image_753.jpg,GREY HAIRSTREAK
Image_754.jpg,CLODIUS PARNASSIAN
Image_755.jpg,JULIA
Image_756.jpg,CAIRNS BIRDWING
Image_757.jpg,CLOUDED SULPHUR
Image_758.jpg,ELBOWED PIERROT
Image_759.jpg,CLOUDED SULPHUR
Image_76.jpg,PAINTED LADY
Image_760.jpg,MALACHITE
Image_761.jpg,EASTERN PINE ELFIN
Image_762.jpg,JULIA
Image_763.jpg,AN 88
Image_764.jpg,BLACK HAIRSTREAK
Image_765.jpg,RED SPOTTED PURPLE
Image_766.jpg,SOOTYWING
Image_767.jpg,GREY HAIRSTREAK
Image_768.jpg,DANAID EGGFLY
Image_769.jpg,GOLD BANDED
Image_77.jpg,PAINTED LADY
Image_770.jpg,MONARCH
Image_771.jpg,GREY HAIRSTREAK
Image_772.jpg,IPHICLUS SISTER
Image_773.jpg,CLOUDED SULPHUR
Image_774.jpg,SILVER SPOT SKIPPER
Image_775.jpg,ORANGE TIP
Image_776.jpg,CLODIUS PARNASSIAN
Image_777.jpg,ZEBRA LONG WING
Image_778.jpg,COMMON BANDED AWL
Image_779.jpg,SILVER SPOT SKIPPER
Image_78.jpg,CLEOPATRA
Image_780.jpg,RED ADMIRAL
Image_781.jpg,COMMON BANDED AWL
Image_782.jpg,PEACOCK
Image_783.jpg,APPOLLO
Image_784.jpg,COMMON BANDED AWL
Image_785.jpg,COPPER TAIL
Image_786.jpg,BLUE SPOTTED CROW
Image_787.jpg,COMMON BANDED AWL
Image_788.jpg,PAPER KITE
Image_789.jpg,CLOUDED SULPHUR
Image_79.jpg,DANAID EGGFLY
Image_790.jpg,COMMON WOOD-NYMPH
Image_791.jpg,LARGE MARBLE
Image_792.jpg,ORANGE TIP
Image_793.jpg,RED ADMIRAL
Image_794.jpg,IPHICLUS SISTER
Image_795.jpg,EASTERN DAPPLE WHITE
Image_796.jpg,WOOD SATYR
Image_797.jpg,EASTERN DAPPLE WHITE
Image_798.jpg,MILBERTS TORTOISESHELL
Image_799.jpg,EASTERN PINE ELFIN
Image_8.jpg,COMMON BANDED AWL
Image_80.jpg,ZEBRA LONG WING
Image_800.jpg,WOOD SATYR
Image_801.jpg,SCARCE SWALLOW
Image_802.jpg,VICEROY
Image_803.jpg,BECKERS WHITE
Image_804.jpg,SCARCE SWALLOW
Image_805.jpg,RED ADMIRAL
Image_806.jpg,RED SPOTTED PURPLE
Image_807.jpg,EASTERN PINE ELFIN
Image_808.jpg,EASTERN DAPPLE WHITE
Image_809.jpg,CAIRNS BIRDWING
Image_81.jpg,POPINJAY
Image_810.jpg,IPHICLUS SISTER
Image_811.jpg,YELLOW SWALLOW TAIL
Image_812.jpg,SILVER SPOT SKIPPER
Image_813.jpg,MESTRA
Image_814.jpg,ELBOWED PIERROT
Image_815.jpg,COMMON BANDED AWL
Image_816.jpg,CLOUDED SULPHUR
Image_817.jpg,COMMON WOOD-NYMPH
Image_818.jpg,SCARCE SWALLOW
Image_819.jpg,BECKERS WHITE
Image_82.jpg,CLOUDED SULPHUR
Image_820.jpg,GREY HAIRSTREAK
Image_821.jpg,ZEBRA LONG WING
Image_822.jpg,CLEOPATRA
Image_823.jpg,BANDED PEACOCK
Image_824.jpg,COMMON WOOD-NYMPH
Image_825.jpg,RED SPOTTED PURPLE
Image_826.jpg,PEACOCK
Image_827.jpg,EASTERN DAPPLE WHITE
Image_828.jpg,PEACOCK
Image_829.jpg,APPOLLO
Image_83.jpg,ULYSES
Image_830.jpg,CLOUDED SULPHUR
Image_831.jpg,CLEOPATRA
Image_832.jpg,PEACOCK
Image_833.jpg,COMMON BANDED AWL
Image_834.jpg,IPHICLUS SISTER
Image_835.jpg,SILVER SPOT SKIPPER
Image_836.jpg,PURPLISH COPPER
Image_837.jpg,CLOUDED SULPHUR
Image_838.jpg,PAINTED LADY
Image_839.jpg,BECKERS WHITE
Image_84.jpg,CLOUDED SULPHUR
Image_840.jpg,TWO BARRED FLASHER
Image_841.jpg,YELLOW SWALLOW TAIL
Image_842.jpg,GREY HAIRSTREAK
Image_843.jpg,CLOUDED SULPHUR
Image_844.jpg,CAIRNS BIRDWING
Image_845.jpg,STRAITED QUEEN
Image_846.jpg,COPPER TAIL
Image_847.jpg,ZEBRA LONG WING
Image_848.jpg,APPOLLO
Image_849.jpg,TWO BARRED FLASHER
Image_85.jpg,ZEBRA LONG WING
Image_850.jpg,RED CRACKER
Image_851.jpg,SCARCE SWALLOW
Image_852.jpg,GREEN CELLED CATTLEHEART
Image_853.jpg,COPPER TAIL
Image_854.jpg,MESTRA
Image_855.jpg,CLOUDED SULPHUR
Image_856.jpg,PURPLE HAIRSTREAK
Image_857.jpg,SOOTYWING
Image_858.jpg,ELBOWED PIERROT
Image_859.jpg,SOOTYWING
Image_86.jpg,ATALA
Image_860.jpg,ULYSES
Image_861.jpg,GREEN CELLED CATTLEHEART
Image_862.jpg,CLEOPATRA
Image_863.jpg,CLOUDED SULPHUR
Image_864.jpg,ZEBRA LONG WING
Image_865.jpg,COMMON BANDED AWL
Image_866.jpg,ELBOWED PIERROT
Image_867.jpg,BECKERS WHITE
Image_868.jpg,CLOUDED SULPHUR
Image_869.jpg,CAIRNS BIRDWING
Image_87.jpg,GOLD BANDED
Image_870.jpg,ELBOWED PIERROT
Image_871.jpg,AN 88
Image_872.jpg,IPHICLUS SISTER
Image_873.jpg,BANDED PEACOCK
Image_874.jpg,CRIMSON PATCH
Image_875.jpg,YELLOW SWALLOW TAIL
Image_876.jpg,MESTRA
Image_877.jpg,SCARCE SWALLOW
Image_878.jpg,CHECQUERED SKIPPER
Image_879.jpg,COMMON BANDED AWL
Image_88.jpg,ATALA
Image_880.jpg,STRAITED QUEEN
Image_881.jpg,YELLOW SWALLOW TAIL
Image_882.jpg,CAIRNS BIRDWING
Image_883.jpg,COMMON BANDED AWL
Image_884.jpg,CHESTNUT
Image_885.jpg,WOOD SATYR
Image_886.jpg,COMMON BANDED AWL
Image_887.jpg,SOOTYWING
Image_888.jpg,ATALA
Image_889.jpg,METALMARK
Image_89.jpg,AN 88
Image_890.jpg,WOOD SATYR
Image_891.jpg,MALACHITE
Image_892.jpg,CABBAGE WHITE
Image_893.jpg,BLACK HAIRSTREAK
Image_894.jpg,GOLD BANDED
Image_895.jpg,GOLD BANDED
Image_896.jpg,AN 88
Image_897.jpg,LARGE MARBLE
Image_898.jpg,CLODIUS PARNASSIAN
Image_899.jpg,GREAT JAY
Image_9.jpg,SCARCE SWALLOW
Image_90.jpg,BLUE SPOTTED CROW
Image_900.jpg,RED POSTMAN
Image_901.jpg,ZEBRA LONG WING
Image_902.jpg,CABBAGE WHITE
Image_903.jpg,COMMON BANDED AWL
Image_904.jpg,ZEBRA LONG WING
Image_905.jpg,GREEN CELLED CATTLEHEART
Image_906.jpg,PURPLISH COPPER
Image_907.jpg,MILBERTS TORTOISESHELL
Image_908.jpg,EASTERN DAPPLE WHITE
Image_909.jpg,RED CRACKER
Image_91.jpg,GREEN CELLED CATTLEHEART
Image_910.jpg,GREAT JAY
Image_911.jpg,SOOTYWING
Image_912.jpg,ZEBRA LONG WING
Image_913.jpg,SOOTYWING
Image_914.jpg,PAINTED LADY
Image_915.jpg,IPHICLUS SISTER
Image_916.jpg,QUESTION MARK
Image_917.jpg,MOURNING CLOAK
Image_918.jpg,TWO BARRED FLASHER
Image_919.jpg,AN 88
Image_92.jpg,ZEBRA LONG WING
Image_920.jpg,RED SPOTTED PURPLE
Image_921.jpg,CAIRNS BIRDWING
Image_922.jpg,CLEOPATRA
Image_923.jpg,ZEBRA LONG WING
Image_924.jpg,COMMON BANDED AWL
Image_925.jpg,POPINJAY
Image_926.jpg,POPINJAY
Image_927.jpg,CAIRNS BIRDWING
Image_928.jpg,EASTERN DAPPLE WHITE
Image_929.jpg,GREAT JAY
Image_93.jpg,WOOD SATYR
Image_930.jpg,GOLD BANDED
Image_931.jpg,IPHICLUS SISTER
Image_932.jpg,APPOLLO
Image_933.jpg,PURPLISH COPPER
Image_934.jpg,CLOUDED SULPHUR
Image_935.jpg,PURPLISH COPPER
Image_936.jpg,RED ADMIRAL
Image_937.jpg,BECKERS WHITE
Image_938.jpg,MILBERTS TORTOISESHELL
Image_939.jpg,SILVER SPOT SKIPPER
Image_94.jpg,COMMON BANDED AWL
Image_940.jpg,ORANGE OAKLEAF
Image_941.jpg,BROWN SIPROETA
Image_942.jpg,POPINJAY
Image_943.jpg,ATALA
Image_944.jpg,JULIA
Image_945.jpg,ZEBRA LONG WING
Image_946.jpg,CRIMSON PATCH
Image_947.jpg,WOOD SATYR
Image_948.jpg,MOURNING CLOAK
Image_949.jpg,GREEN CELLED CATTLEHEART
Image_95.jpg,BECKERS WHITE
Image_950.jpg,AFRICAN GIANT SWALLOWTAIL
Image_951.jpg,TWO BARRED FLASHER
Image_952.jpg,RED CRACKER
Image_953.jpg,APPOLLO
Image_954.jpg,ORCHARD SWALLOW
Image_955.jpg,PURPLISH COPPER
Image_956.jpg,ELBOWED PIERROT
Image_957.jpg,YELLOW SWALLOW TAIL
Image_958.jpg,ATALA
Image_959.jpg,CLOUDED SULPHUR
Image_96.jpg,MALACHITE
Image_960.jpg,SILVER SPOT SKIPPER
Image_961.jpg,CABBAGE WHITE
Image_962.jpg,BECKERS WHITE
Image_963.jpg,ELBOWED PIERROT
Image_964.jpg,VICEROY
Image_965.jpg,CRIMSON PATCH
Image_966.jpg,PAINTED LADY
Image_967.jpg,GREY HAIRSTREAK
Image_968.jpg,YELLOW SWALLOW TAIL
Image_969.jpg,GREEN CELLED CATTLEHEART
Image_97.jpg,CABBAGE WHITE
Image_970.jpg,PURPLE HAIRSTREAK
Image_971.jpg,IPHICLUS SISTER
Image_972.jpg,CLOUDED SULPHUR
Image_973.jpg,PEACOCK
Image_974.jpg,JULIA
Image_975.jpg,ATALA
Image_976.jpg,ZEBRA LONG WING
Image_977.jpg,RED ADMIRAL
Image_978.jpg,ZEBRA LONG WING
Image_979.jpg,MILBERTS TORTOISESHELL
Image_98.jpg,POPINJAY
Image_980.jpg,EASTERN COMA
Image_981.jpg,CLOUDED SULPHUR
Image_982.jpg,GOLD BANDED
Image_983.jpg,EASTERN DAPPLE WHITE
Image_984.jpg,CLOUDED SULPHUR
Image_985.jpg,GREY HAIRSTREAK
Image_986.jpg,BECKERS WHITE
Image_987.jpg,ELBOWED PIERROT
Image_988.jpg,PAINTED LADY
Image_989.jpg,PEACOCK
Image_99.jpg,VICEROY
Image_990.jpg,CRIMSON PATCH
Image_991.jpg,ELBOWED PIERROT
Image_992.jpg,JULIA
Image_993.jpg,CRIMSON PATCH
Image_994.jpg,GREEN CELLED CATTLEHEART
Image_995.jpg,ZEBRA LONG WING
Image_996.jpg,AMERICAN SNOOT
Image_997.jpg,BECKERS WHITE
Image_998.jpg,VICEROY
Image_999.jpg,SILVER SPOT SKIPPER
